	GATCTCATTTTGTGCCAGCCGCCGCGGTAACACGATTAACCCAAGTCAATAGAAGCCGGCGTAAAGAGTGTTTTAGATCACCCCCTCCCCAATAAAGCTAAAACTCACCTGAGTTGTAAAAAACTCCAGTTGACACAAAATAGACTACGAAAGTGGCTTTAACATATCTGAACACACAATAGCTAAGACCCAAACTGGGATTAGATACCCTAGTAGTCCATTGGCAGATCGGAAGAGCGTCGTGTAGGGAAAGAG	GTTTCGGTGCCAGCAGCCGCGGTCATACAAGAAACCCAAATCAATAGCTACCCGGCGTAAAGAGTGGCCACATGTTATCTGCACCAGCTAAGATTAAAATGCAACCAAGCTGTCATAAGCCTAAGATCCACCTAAACCCAACCCAAATCCATCTTAGCCTCAACGATTAATTTTAACCCACGAAAGCTAGGACCCAAACTGGGATTAGATACCCCGGTAGTCCTACAAGAGATCGGAAGAGCACACGTCT	GGTAGCGTGCCAGCCGCCGCGGTAACAAGACAAGTCTTCAGTCGAGATCAAGTGGGAGAAGGAGAATTCGGCATCAAAAGAGGCCAAATGAGCGGGGTCGCGGACTCAATTCATGCAGCTGCATTGAGACCGAGGCCAACAGGCGTATCATACGCTGAAAGAGGGCTGCTATTCAGGGCGCAGGTGTGAACTATGTGGCACATTCCGCCATATAATGTGGAGGTTGTTAGAAACCCGGGTAGTCCCTGATC	GTTTCGGTGCCAGCAGCCGCGGTCATACAAGAAACCCAAATCAATAGCTACCCGGCGTAAAGAGTGGCCACATGTTATCTGCACCAGCTAAGATTAAAATGCAACCAAGCTGTCATAAGCCTAAGATCCACCTAAACCCAACCCAAATCCATCTTAGCCTCAACGATTAATTTTAACCCACGAAAGCTAGGACCCAAACTGGGATTAGATACCCGAGTAGTCCCTGATCAGATCGGAAGAGCGTCGTGTA	GGTAGCGTGCCAGCCGCCGCGGTAATATTAGATACCCAAATCAATAGCTACCCGGCGTAAAGAGTGGCCACATGTTATCTGCACCAGCTAAGATTAAAATGCAACCAAGCTGTCATAAGCCTAAGATCCACCTAAACCCAACCCAAATCCATCTTAGCCTCAACGATTAATTTTAACCCACGAAAGCTAGGACCCAAACTGGGATTAGATACCCTAGTAGTCCATTGGCAGATCGGAAGAGCACACGTCT	CATTTTGTGCCAGCCGCCGCGGTAATACGTAGGTGGCGAGCGTTATCCGGAATCATTGGGCTCAACCTGGGTTGGTCATTTTGAACTACCTTTCTAGAGTATTGCAGAGGGAGATGGAATTTCAGGTGTAGCGGTGGAATGCGTAGATATCTGAAAGAACACCAGAGGCGAAGGCGGTCTCCTGGGCAAATACTGACGCTGAGGTGCGAAAGCGTGGGGAGCAAACAGGATTAGATACCCTGGTAGTCCCTGATC	CGTACGGTGCCAGCCGCCGCGGTAATACAGGAGACCCAAACTAACTTTATAACGGCGTAAAGAGTGGTCACATGCTATCCTAGTAGCTAAGATTAAAAAGCAACTGAGCTGTCATAAGCCCAAGATGCCCATAAGGCCTCCATTTAAAGAAGATCTTAGACAAACGATTAATTGAACTCCACGAAAGCCAGGGCCCAAACTGGGATTAGATACCCTTGTAGTCCTGGTCAAGATCGGAAGAGCGTCGTGT	GTTTCGGTGCCAGCAGCCGCGGTAATACAGGAGACCCAAATCAATAGCTACCCGGCGTAAAGAGTGGCCACATGTTATCTGCACCAGCTAAGATTAAAATGCAACCAAGCTGTCATAAGCCTAAGATCCACCTAAACCCAACCCAAATCCATCTTAGCCTCAACGATTAATTTTAACCCACGAAAGCTAGGACCCAAACTGGGATTAGAAACCCGTGTAGTCCAAGCTAAGATCGGAAGAGCGTCGTGTA	ACTGATGTGCCAGCCGCCGCGGTAACAAGACAAGTCTTCAGTCGAGATCAAGTGGGAGAAGGAGAATTCGGCATCAAAAGAGGCCAAATGAGCGGGGTCGCGGACTCAATTCATGCAGCTGCATTGAGACCGAGGCCAACAGGCGTATCATACGCTGAAAGAGGGCTGCTATTCAGGGCGCAGGTGTGAACTATGTGGCACATTCCGCCATATAATGTGGAGGTTGTTAGAAACCCTAGTAGTCCACATCG	CATTTTGTGCCAGCAGCCGCGGTAATACGTAGGCGGCAAGCGTTGTCCGGAATTATTGGGCAGACTTGAGGGATGCAGGGGAGAACGGAATTCCTGGTGTAGCGGTGGAATGCGCAGATATCAGGAGGAACACCGATGGCGAAGGCAGGTCACTGGGCCACTACTGACGCTGAGGAGCGAAAGCATGGGGAGCGAACAGGATTAGAAACCCCAGTAGTCCGATCTGAGATCGGAAGAGCGTCGTGTAGGG	CATTTTGTGCCAGCAGCCGCGGTAATACGGAGGATGCGAGCGTTATCCGGATTTATTGGGTTTAAAGGGAGCGCAGACGGGTTTTTAAGTCAGCTGTGAAAGTTTGGGGCTCAACCTTAAAATTGCAGTTGATACTGGAGACCTTGAGTGCAGTTGAGGCAGGTATCCGGGGTGCAACTGACGCTGAGGCTCGAAAGTGCGGGTATCAAACAGGATTAGATAACCCGGTAGTCCATTGGCAGATCGGAAG	CTCATTTTGTGCCAGCAGCCGCGGTAATTAGATACCCAGGTAGTCCCGAAACCAGATACCCTGGTAGTCCCCATCTTGTACCTATGGGGTGCACCAGGAATTAGATACCTGTGTAGTCCCGAAACATCACGCCTATGGGACGCAGCAGTATTAGATACCCGTGTAGTCCCGAAACATCACGCCTACGGTGGGCAGCAGCATTAGATACCCGTGTAGTCCCGTGATAGATCGGAAGAGCGTCGTGTAGGGAAA	GTTTCGGTGCCAGCAGCCGCGGTAATTAGATACCCTGGTAGTCCGGAACTAGATACCCGTGTAGTCCTCAAGTCCGTACGGTGCCAGCAGCCGCGGTAATTAGAAACCCGTGTAGTCCTTGACTCCATACAGTGCCAGCCGCCGCGGTAATTAGAAACCCTTGTAGTCCACAAGTCCGTACAGTGCCAGCCGCCGCGGTACTGATGTGTTAGAAACCCTAGTAGTCCGTAGCCAGATCGGAAGAGCACAC	GGTAGCGTGCCAGCCGCCGCGGTAAGACGTAGGGCGCGAGCGTTGTCCGGATTTATTGGAACTGTCAGGCTAGAGTGTCGGAGAGGAAAGCGGAATTCCTAGTGTAGCGGTGAAATGCGTAGATATTAGGAGGAACACCAGTGGCGAAGGCGGCTTACTGGACGGTAACTGACGTTGAGGCTCGAAAGCGTGGGGAGCAAACAGGATTAGATACCCGGGTAGTCCTCAAGTAGATCGGAAGAGCGTCGTG	GTTTCGGTGCCAGCAGCCGCGGTAATTAGAAACCCCGGTAGTCCTTGATCCGTACGGTGCCAGCCGCCGCCACACACACACACACACACCCTTCCATATATTTGGGAGTTGCCAGATTGGATCAAAAGCGCAGTGAAATCAAAAGGTTCTCTATCGCAAACTTCCTACACTTGAAGAAGTGTGCATACACACACACAAAGCACGCAAGTGTGTGATTAGATACCCTTGTAGTCCCTGATCAGATCGGAAG	CGTACGGTGCCAGCCGCCGCGGTAATACGTAGGGGGCTAGCGTTATCCGGAATTACTGGGCGTAAAGGGAGCGCAGGCGGGAAACTAAGCGGATCTTGAGTACCGGAGAGGAAAGCGGAATTCCTAGTGTAGCGGTGAAATGCGTAGATATTAGGAGGAACACCAGTGGCGAAGGCGGCTTTCTGGACGATGACTGACGTTGAGGCTCGAAAGCGTGGGGAGCAAACAGGATTAGATACCCTAGTAGTCCTTGACT	CTCATTTTGTGCCAGCCGCCGCGGTAATTAGATACCCGGGTAGTCCGCTACCACTTGACCTACGGGGCGCAGCAGTATTAGATACCCTAGTAGTCCATCAGTACGGTACCTATGGGGTGCAGCAGTATTAGATACCCACGTAGTCCGCTCATAGAGAGTGATGCTCTTCCGATCTATGTCACCTACGGGGTGCAGCAGTATTAGAAACCCTAGTAGTCCAAGCTAAGATCGGAAGAGCGTCGTGTAGGGAAA	GATCTGGTAGCGTGCCAGCAGCCGCGGTAATTAGAAACCCGGGTAGTCCGTAGCCTAGAAACCCGTTAGTCCGCCTAATGTGCCAGCCGCCGCGGTAATTAGATACCCTGGTAGTCCATTGGCTCGTTCAGTGCCAGCCGCCGCGGTAATTAGAAACCCTTGTAGTCCTCAAGTTCGTACGGTGCCAGCCGCCGCGGTAATTAGAAACCCCGGTAGTCCATTGGCAGATCGGAAGAGCGTCGTGTAGGGAAAGAG	CGTACGGTGCCAGCAGCCGCGGTAGATACCCTTGTAGTCCACATCGCGTGTAGTCCACATCGAGTGCCAGCAGCCGCGGTAATTAGAAACCCTTGTAGTCCACAAGTCCGTACAGTGCCAGCCGCCGCGGTAATTAGAAACCCGTGTAGTCCACATCGCCACATCGCATGTAGTCCCGTGATGGTGCCAGCCGCCGCGGTAATTAGAAACCCCAGTAGTCCTACAAGAGATCGGAAGAGCGTCGTGTAGG	CATTTTGTGCCAGCAGCCGCGGTAATTAGAAACCCCTGTAGTCCGTAGCCGCGGTAATTAGAAACCCTGGTAGTCCTCATCGCGTGTAGTCCACATCGAGTGCCAGCCGCCGCGGTAATTAGATACCCTGGTAGTCCGTAGCCACGTCGTACGGTGCCAGCAGCCGCGGTAATTAGAAACCCTGGTAGTCCCAGGCCACGTGTTTTGTGCCAGCCGCCGCGGTAATTAGAAACCCTGGTAGTCCCGTGAT	CATTTTGTGCCAGCCGCCGCGGTAATTAGAAACCCGAGTAGTCCTCAAGTCCGTACAGTGCCAGCAGCCGCGGTAATTAGAGACCCCAGTAGTCCTCAAGTTCGTACGGCGCCAGCAGCCGCGGTAATTAGATACCCTAGTAGTCCTCAAGTTCGTACGGTGCCAGCAGCCGCGGTAATTAGATACCCTAGTGGTCCCGTGATGGTGCCAGCAGCCGCGGTAATTAGAAACCCTGGTAGTCCCGTGATAG	GTTTCGGTGCCAGCAGCCGCGGTAATTAGAAACCCGTGTAGTCCCGTGATGTACGGTGCCAGCCGCCGCGGTAATTAGATACCCTAGTAGTCCTACGCCACGTGTTTCGGTGCCAGCAGCCGCGGTAATTAGAAACCCGTGTAGTCCGTAGCCACGTGTTTCGGTGCCAGCAGCCGCGGTAGTCCACATCATGTGCCAGCAGCCGCGGTAATTAGATACCCGAGTAGTCCGTAGCCAGATCGGAAGAGCA	ACTGATGTGCCAGCAGCCGCGGTAATTAGAAACCCTTGTAGTCCTGTGACGTACGGTGCCATCCGCCGCAGTAATTAGATACCCCGGTAGTCCTCATCGCCACATCGCGTGTAGTCCCGTGCCACGTGTTTCAGTGCCAGCAGCCGCGGTAATTAGATACCCGGGTAGTCCATTGGCTCGTACGGTGCCAGCCGCCGCGGTAATTAGAAACCCGGGTAGTCCCGTGATAGATCGGAAGAGCACACGTCTG	GGTAGCGTGCCAGCCGCTGCGGTAATACGTAGGTGGCGAGCGTTGTCCGGAATTATTGGGCGTAAAGAGTATGTCAGAGGGAGGTGGAATTCCAAGTGTAGCAGTGAAATGCGTAGATATTTGGAAGAACACCGATGGCGAAGGCAGCCTCCTGGGATAATACTGACGCTCATGCACGAAAGCGTGGGGAGCAAACAGGATTAGAAACCCTGGTAGTCCTCAAGTAGATCGGAAGAGCGTCGTGTAGGGA	CGATCTGGTAGCGTGCCAGCAGCCGCGGTCATACGATTAACCCAAATTAATAAACCCTCCGGCGTAAAGCGTGTCAAAGACTAATACCAAAATAAAGTTAAAACCCAGTTAAGCCGTAAAAAGCTACAACCAAAGTAAAATAGACTACGAAAGTGACTTTAATACCTCTGACTACACGATAGCTAAGACCCAAACTGGGATTAGATACCCTGGTAGTCCCGTGATAGATCGGAAGAGCGTCGTGTAGGGAAAGAGT	CGTACGGTGCCAGCAGCCGCGGTAATACGTAGGGGGCAAGCGTTATCCGGATTTACTGGGTGTAAAGGGAGCGTAGACGGCATGGCAAGCCAGATGTGAAAGCCCGGGGCTCAACCCCGGGACTGCATTTGGAGGAACACCAGTGGCGAAGGCGGCTCACTGGCTCGATACTGACGCTGAGGTGCGAAAGCGTGGGGAGCAAACAGGATTAGAAACCCCAGTAGTCCTTGACTAGATCGGAAGAGCACAC	CTCATTTTGTGCCAGCAGCCGCGGTAATTAGATACCCTGGTAGTCCGCTACCCTGGTAGTCCTCACCTTGTACCTATGGGATGCAGCAGCATTAGATACCCAGGTAGTCCGCTACCATTACGCCTACTTGACCTACGGGATGCAGCAGTATTAGATACCCGAGTAGTCCCGTACGACGTGTCCTACGGGGGGCACCAGTATTAGATACCCGTGTAGTCCAAGCTAAGATCGGAAGAGCGTCGTGTAGGGAAA	CATTTTGTGCCAGCCGCCGCGGTAATTAGATACCCCAGTAGTCCGCTCATAGAGAGGGGGTGATGCTCTTCCGATCTTGACCTATGGGGCGCAGCAGGATTAGATACCCCTGTAGTCCCGTACGACTTGACCTATGGGAGGCAGCAGCATTAGATACCCTAGTAGTCCGCTACCACGATGTCCTACGGGGGGCAGCAGTATTAGATACCCTTGTAGTCCAAGCTAAGATCGGAAGAGCGTCGTGTAGGGA	GGTAGCGTGCCAGCAGCCGCGGTAATTAGAAACCCCTGTAGTCCTCATCGCCACATCGCGTGTAGTCCACATTGCGTGCCAGCCGCCGCGGTCATACAAGAAACCCAAATCAATAGATACCCTAGTAGTCCACAAGTTCGTACAGTGCCAGCAGCCGCGGTAATTAGATACCCTGGTAGTCCACATCTCGTACGGTGCCAGCAGCCGCGGTAATTAGATACCCGAGTAGTCCTGGTCAAGATCGGAAGAG	CGTACGGTGCCAGCAGCCGCGGTAATACGTAGGGGGCTAGCGTTATCCGGATTTACTGGGCGTAAAGGGTGCGTAGGCGGTCTTTCAAGTCAGCTGTGAAAGTTTGGGGCTCAACCTTAAAATTGCAGTTGATATTGGGAGGAACACCAGTAGCAAAGGCGGCTTTCTGGACTGTAACTGACGCTGAGGCACGAAAGCGTGGGGAGCAAACAGGATTAGAAACCCGGGTAGTCCGTAGCCAGATCGGAAG	CGTACGGTGCCAGCCGCCGCGGTAATACGTATGTCGCAAGCGTTATCCGGATTTATTGGGCGTAAAGCGCGTCTAGGCGGTTTGGTAAGTCTGATGTGAAAATGCGGGGCTCAACAAACTAAAGCTGAATGCTCTCAAGACTGTTATATGCGTTCGAGACTTTGAAACCCAACTACGAAAGTGGCTTTACTAGACCTGAACCCACGAAAGCTAAGGAACAAACTGGGATTAGAAACCCGTGTAGTCCGTAGCC	CGTACGGTGCCAGCAGCCGCGGTAATTAGAAACCCGTGTAGTCCGTAGCCACGTGGTAGCGTGCCAGCAGCCGCGGTAATTAGATACCCCGGTAGTCCCGGTCACGTGCTTCAGTGCCAGCCGCCGCGGTAATTAGATACCCTTGTAGTCCACATCGGGTGCCAGCAGCCGCGGTATGGTAGCGTGCCAGCCGCCGCGGTAATTAGAAACCCCTGTAGTCCAAGCTAAGATCGGAAGAGCACACGTCTGA	CATTTTGTGCCAGCCGCCGCGGTAATACGTAGGGGGCAAGCGTTATCCGGCTTAACCGGGGAGGGTCGTCGTGAACGGGTGAGCTTGAGGATATCAGGGGCTGGTGGAATTCCCGGTGTAGTGGTGAAATGCGTAGATATCGGGAGGAACACCTGTGGCGAAGGCGGCCAGCTGGGATATACCTGACGCTGAGATGCGAAGGCGTGGGGAGCGAACGGGATTAGAAACCCTAGTAGTCCGATCTGAGATC	CATTTTGTGCCAGCCGCCGCGGTAATTAGATACCCCAGTAGTCCCTGATCCGTTTCGGTGCCAGCCGCCGCGGTAAGTTTCGGTGCCAGCCGCCGCGGTAATTAGATACCCGGGTAGTCCGTAGCCACGTCGTACGGTGCCAGCAGCCGCGGTAATTAGATACCCGAGTAGTCCCGTGATGTACAGTGCCTATGGGATGCACCAGTATTAGATACCCTGGTAGTCCGATCTGAGATCGGAAGAGCACACG	CGATCTCATTTTGTGCCAGCAGCCGCGGTAATACGATTAACCCAAACTAATTATCTTCGGCGTAAAACGTGTCAACTATAAATAAATAAATAGAATTAAAATCCAACTTATATGTGAAAATTCATTGTTAGGACCTAAACTCAATAACGAAAGTAATTCTAGTCATTTATAATACACGACAGCTAAGACCCAAACTGGGATTAGAAACCCTGGTAGTCCGATCTGAGATCGGAAGAGCACACGTCTGAACTCCAGT	CGTACGGTGCCAGCCGCCGCGGTAATACGGAGGATGCGAGCGTTATCCGGATTTATTGGGTTTAAAGGGAGCGCAGACGGGTTTTTAAGTCAGCTGTGAAAGTTTGGGGCTGGAATAAGTAGTGTAGCGGTGAAATGCATAGATATTACTTAGAACACCAATTGCGAAGGCAGCTTACCGTAACGTTACTGACGCTTAAGCACGAAGGTGCGGGTATCGAACAGGATTAGAAACCCGGGTAGTCCTCAAGT	CGTACGGTGCCAGCAGCCGCGGTAATACGTAGGGTGCAAGCGTTAATCGGAATTACTGGGGAACTTGAGTGCAGAAGGGGAGAGTAGAATTCCAGGTGTAGCGGTGAAATGCGTAGAGATCTGGAGGAATACCGGTGGCGAAGGCGGCCCCCTGGACGAAGACTGACGCTCAGGTGCGAAAGCGTGGGGAGCAAACAGGATTAGAAACCCTAGTAGTCCTCAAGTAGATCGGAAGAGCGTCGTGTAGGGA	TGTTTCGGTGCCAGCAGCCGCGGTAATTAGATACCCGTGTAGTCCATCAGTACGGTGCCTACGGGATGCACCAGTATTAGATACCCAAGTAGTCCATCAGTACAGTGCCTACGGGATGCAGCAGTATTAGAAACCCGAGTAGTCCGTAGCCAGAAACCCCGGTAGTCCATTGGCTCGTACGGTGCCAGCCGCCGCGGTAATTAGAAACCCCTGTAGTCCACATCGAGATCGGAAGAGCACACGTCTGAACT	TCGTACGGTGCCAGCCGCCGCGGTAATACGTAGGCGGCAAGCGTTGTCCGGAATTATTGGGCGTAAAGGGAGCGCAGGGGTCACAACAAACTAAAGCTGAATGCTCTCAAGACTGTTATATGCGTTCGAGACTTTGAAACCCAACTACGAAAGTGGCTTTACTAGACCTGAACCCACGAAAGCTAAGGAACAAACTGGGATTAGATACCCCTGTAGTCCACATCGAGATCGGAAGAGCACACGTCTGAACT	CATTTTGTGCCAGCAGCCGCGGTAATTAGATACCCCAGTAGTCCGTAGCCGTACGGTGCCAGCCGCCGCGGTAATTAGATACCCAGGTAGTCCGCTACCACGATGTCCTACGGGGTGCAGCAGTATTAGATACCCTAGTAGTCCTAGTTGAGGTACAGTGCCTATGGGATGCAGCAGTATTAGATACCCGTGTAGTCCATCAGTACAGTGCCTATGGGATGCAGCAGTATTAGATACCCTGGTAGTCCACATCG	CATTTTGTGCCAGCCGCCGCGGTAATACGGAGGGTGCAAGCGTTAATCGGAATAACTGCATTCGATACTGGGTAGCTGGAGATCGGTAGAGGGCGGCGGAATTCCGGGTGTAGCGGTGAAATGCGTAGATATCTGGAGGAATACCGATGGCGAAGGCAGCCATCTGGCCTAACACTGACGCTGAGGTGCGAAAGCATGGGGAGCAAACAGGATTAGATACCCCAGTAGTCCCGTGATAGATCGGAAGAGC	CATTTTGTGCCAGCCGCCGCGGTAATACGTAGGTGGCGAGCGTTATCCGGAATCATTGGGCGTAAAGAGGGAGCAGGCGGCCGCAAGGGTCTGACTTGAGTGCAGGAGAGGAAAGCGGAATTCCCAGTGTAGCGGTGAAATGCGTAGATATTGGGAGGAACACCAGTAGCGAAGGCGGCTTTCTGGACTGTAACTGACGCTGAGGCACGAAAGCGTGGGGAGCAAACAGGATTAGATACCCCTGTAGTCCCGTGAT
SRR23008984_1_filtered.fastq.gz	0	0	0	0	0	0	0	0	0	0	0	0	0	0	0	0	0	0	0	0	0	0	0	0	0	0	0	0	0	0	0	0	0	0	0	0	0	0	0	0	0	0
SRR23008985_1_filtered.fastq.gz	0	0	0	0	0	0	5	0	0	0	0	0	0	0	0	0	0	0	0	0	0	0	0	0	0	0	0	0	0	0	0	0	0	0	0	0	0	0	0	0	0	0
SRR23008986_1_filtered.fastq.gz	0	19	0	0	0	0	0	0	0	0	0	0	0	0	0	0	0	0	0	0	0	0	0	0	0	0	0	0	0	0	0	0	0	0	0	0	0	0	0	0	0	0
SRR23008987_1_filtered.fastq.gz	0	0	0	0	0	0	0	0	0	0	0	0	3	0	0	0	0	0	0	0	0	2	0	0	0	0	0	0	0	0	0	0	0	0	0	0	0	0	0	0	0	0
SRR23008988_1_filtered.fastq.gz	0	0	0	0	0	0	0	5	0	0	0	0	0	0	0	0	0	0	0	0	0	0	0	0	0	0	0	0	0	0	0	0	0	0	0	0	0	0	0	0	0	0
SRR23008989_1_filtered.fastq.gz	0	0	0	0	0	0	0	0	4	0	0	0	0	0	0	0	0	0	0	0	0	0	0	0	0	0	0	0	0	0	0	0	0	0	0	0	0	0	0	0	0	0
SRR23008990_1_filtered.fastq.gz	0	0	0	0	0	0	0	0	0	0	0	0	0	0	0	0	0	0	0	0	0	0	2	0	0	0	0	0	0	0	0	0	0	0	0	0	0	0	0	0	0	0
SRR23008991_1_filtered.fastq.gz	0	0	0	0	0	0	0	0	0	0	0	0	0	0	0	0	0	0	0	0	0	0	0	0	0	0	0	0	0	0	0	0	0	0	0	0	0	0	0	0	0	0
SRR23008992_1_filtered.fastq.gz	0	0	0	0	0	0	0	0	0	0	0	0	0	0	0	0	0	0	0	0	0	0	0	0	0	0	0	0	0	0	0	0	0	0	0	0	0	0	0	0	0	0
SRR23008993_1_filtered.fastq.gz	0	0	0	0	0	0	0	0	0	0	0	0	0	0	0	0	0	0	0	0	0	0	0	0	0	0	0	0	0	0	0	0	0	0	0	0	0	0	0	0	0	0
SRR23008994_1_filtered.fastq.gz	0	0	0	0	0	0	0	0	0	0	0	0	0	0	0	0	0	0	0	0	0	0	0	0	0	0	0	0	0	0	0	0	0	0	0	0	0	0	0	0	0	0
SRR23008995_1_filtered.fastq.gz	0	0	13	0	0	0	0	0	0	0	0	0	0	0	0	0	0	0	0	0	0	0	0	0	0	0	0	0	0	0	0	0	0	0	0	0	0	0	0	0	0	0
SRR23008996_1_filtered.fastq.gz	0	0	0	0	0	0	0	0	0	0	0	0	0	3	0	0	0	0	0	0	0	0	0	2	0	0	0	0	0	0	0	0	0	0	0	0	0	0	0	0	0	0
SRR23008997_1_filtered.fastq.gz	0	0	0	10	0	0	0	0	0	0	0	0	0	0	3	0	0	0	0	0	0	0	0	0	0	0	0	0	0	0	0	0	0	0	0	0	0	0	0	0	0	0
SRR23008998_1_filtered.fastq.gz	0	0	0	0	0	6	0	0	0	0	0	0	0	0	0	0	0	0	0	0	0	0	0	0	0	0	0	0	0	0	0	0	0	0	0	0	0	0	0	0	0	0
SRR23008999_1_filtered.fastq.gz	0	0	0	0	0	0	0	0	0	0	0	0	0	0	0	0	0	0	0	0	0	0	0	0	2	0	0	0	0	0	0	0	0	0	0	0	0	0	0	0	0	0
SRR23009000_1_filtered.fastq.gz	0	0	0	0	0	0	0	0	0	0	0	0	0	0	0	0	0	0	0	0	0	0	0	0	0	0	0	0	0	0	0	0	0	0	0	0	0	0	0	0	0	0
SRR23009001_1_filtered.fastq.gz	0	0	0	0	0	0	0	0	0	0	0	0	0	0	0	3	0	0	0	0	0	0	0	0	0	2	0	0	0	0	0	0	0	0	0	0	0	0	0	0	0	0
SRR23009002_1_filtered.fastq.gz	0	0	0	0	0	0	0	0	0	0	0	0	0	0	0	0	0	0	0	0	0	0	0	0	0	0	0	0	0	0	0	0	0	0	0	0	0	0	0	0	0	0
SRR23009003_1_filtered.fastq.gz	0	0	0	0	0	0	0	0	0	0	0	0	0	0	0	0	0	0	0	0	0	0	0	0	0	0	0	0	0	0	0	0	0	0	0	0	0	0	0	0	0	0
SRR23009004_1_filtered.fastq.gz	0	0	0	0	0	0	0	0	0	0	0	0	0	0	0	0	0	0	0	0	0	0	0	0	0	0	0	0	0	0	0	0	0	0	0	0	0	0	0	0	0	0
SRR23009005_1_filtered.fastq.gz	0	0	0	0	0	0	0	0	0	0	0	0	0	0	0	0	3	0	0	0	0	0	0	0	0	0	2	2	0	0	0	0	0	0	0	0	0	0	0	0	0	0
SRR23009006_1_filtered.fastq.gz	0	0	0	0	0	0	0	0	0	0	0	0	0	0	0	0	0	0	0	0	0	0	0	0	0	0	0	0	0	0	0	0	0	0	0	0	0	0	0	0	0	0
SRR23009007_1_filtered.fastq.gz	0	0	0	0	10	0	0	0	0	0	0	0	0	0	0	0	0	3	0	0	0	0	0	0	0	0	0	0	0	0	0	0	0	0	0	0	0	0	0	0	0	0
SRR23009008_1_filtered.fastq.gz	0	0	0	0	0	0	0	0	0	0	0	0	0	0	0	0	0	0	0	0	0	0	0	0	0	0	0	0	0	0	0	0	0	0	0	0	0	0	0	0	0	0
SRR23009009_1_filtered.fastq.gz	0	0	0	0	0	0	0	0	0	0	0	0	0	0	0	0	0	0	0	0	0	0	0	0	0	0	0	0	2	0	0	0	0	0	0	0	0	0	0	0	0	0
SRR23009010_1_filtered.fastq.gz	0	0	0	0	0	0	0	0	0	0	0	0	0	0	0	0	0	0	0	0	0	0	0	0	0	0	0	0	0	0	0	0	0	0	0	0	0	0	0	0	0	0
SRR23009011_1_filtered.fastq.gz	0	0	0	0	0	0	0	0	0	0	0	0	0	0	0	0	0	0	3	0	0	0	0	0	0	0	0	0	0	0	0	0	0	0	0	0	0	0	0	0	0	0
SRR23009012_1_filtered.fastq.gz	0	0	0	0	0	0	0	0	0	0	0	0	0	0	0	0	0	0	0	0	0	0	0	0	0	0	0	0	0	2	2	0	0	0	0	0	0	0	0	0	0	0
SRR23009013_1_filtered.fastq.gz	0	0	0	0	0	0	0	0	0	0	0	0	0	0	0	0	0	0	0	0	0	0	0	0	0	0	0	0	0	0	0	2	0	0	0	0	0	0	0	0	0	0
SRR23009014_1_filtered.fastq.gz	0	0	0	0	0	0	0	0	0	0	0	0	0	0	0	0	0	0	0	0	0	0	0	0	0	0	0	0	0	0	0	0	0	0	0	0	0	0	0	0	0	0
SRR23009015_1_filtered.fastq.gz	0	0	0	0	0	0	0	0	0	0	0	0	0	0	0	0	0	0	0	0	0	0	0	0	0	0	0	0	0	0	0	0	0	0	0	0	0	0	0	0	0	0
SRR23009016_1_filtered.fastq.gz	0	0	0	0	0	0	0	0	0	4	0	0	0	0	0	0	0	0	0	0	0	0	0	0	0	0	0	0	0	0	0	0	2	2	2	0	0	0	0	0	0	0
SRR23009017_1_filtered.fastq.gz	0	0	0	0	0	0	0	0	0	0	0	0	0	0	0	0	0	0	0	0	0	0	0	0	0	0	0	0	0	0	0	0	0	0	0	2	2	0	0	0	0	0
SRR23009018_1_filtered.fastq.gz	20	0	0	0	0	0	0	0	0	0	4	0	0	0	0	0	0	0	0	0	0	0	0	0	0	0	0	0	0	0	0	0	0	0	0	0	0	0	0	0	0	0
SRR23009019_1_filtered.fastq.gz	0	0	0	0	0	0	0	0	0	0	0	0	0	0	0	0	0	0	0	0	0	0	0	0	0	0	0	0	0	0	0	0	0	0	0	0	0	2	0	0	0	0
SRR23009020_1_filtered.fastq.gz	0	0	0	0	0	0	0	0	0	0	0	0	0	0	0	0	0	0	0	0	0	0	0	0	0	0	0	0	0	0	0	0	0	0	0	0	0	0	2	0	0	0
SRR23009021_1_filtered.fastq.gz	0	0	0	0	0	0	0	0	0	0	0	0	0	0	0	0	0	0	0	0	0	0	0	0	0	0	0	0	0	0	0	0	0	0	0	0	0	0	0	0	0	0
SRR23009023_1_filtered.fastq.gz	0	0	0	0	0	0	0	0	0	0	0	0	0	0	0	0	0	0	0	0	0	0	0	0	0	0	0	0	0	0	0	0	0	0	0	0	0	0	0	0	0	0
SRR23009024_1_filtered.fastq.gz	0	0	0	0	0	0	0	0	0	0	0	0	0	0	0	0	0	0	0	0	0	0	0	0	0	0	0	0	0	0	0	0	0	0	0	0	0	0	0	2	0	0
SRR23009025_1_filtered.fastq.gz	0	0	0	0	0	0	0	0	0	0	0	0	0	0	0	0	0	0	0	0	0	0	0	0	0	0	0	0	0	0	0	0	0	0	0	0	0	0	0	0	0	0
SRR23009026_1_filtered.fastq.gz	0	0	0	0	0	0	0	0	0	0	0	0	0	0	0	0	0	0	0	0	0	0	0	0	0	0	0	0	0	0	0	0	0	0	0	0	0	0	0	0	0	0
SRR23009027_1_filtered.fastq.gz	0	0	0	0	0	0	0	0	0	0	0	0	0	0	0	0	0	0	0	0	0	0	0	0	0	0	0	0	0	0	0	0	0	0	0	0	0	0	0	0	0	0
SRR23009028_1_filtered.fastq.gz	0	0	0	0	0	0	0	0	0	0	0	0	0	0	0	0	0	0	0	0	0	0	0	0	0	0	0	0	0	0	0	0	0	0	0	0	0	0	0	0	0	0
SRR23009029_1_filtered.fastq.gz	0	0	0	0	0	0	0	0	0	0	0	0	0	0	0	0	0	0	0	0	0	0	0	0	0	0	0	0	0	0	0	0	0	0	0	0	0	0	0	0	0	0
SRR23009030_1_filtered.fastq.gz	0	0	0	0	0	0	0	0	0	0	0	4	0	0	0	0	0	0	0	3	3	0	0	0	0	0	0	0	0	0	0	0	0	0	0	0	0	0	0	0	2	2
SRR23009031_1_filtered.fastq.gz	0	0	0	0	0	0	0	0	0	0	0	0	0	0	0	0	0	0	0	0	0	0	0	0	0	0	0	0	0	0	0	0	0	0	0	0	0	0	0	0	0	0
